{
  "XGBoost": {
    "mae": 0.46749210357666016,
    "rmse": 0.6935389111678881,
    "r2": 0.9952013492584229,
    "accuracy_pct": 83.65369213519142,
    "tolerance": 1
  },
  "LightGBM": {
    "mae": 0.46071138978004456,
    "rmse": 0.6914146121106705,
    "r2": 0.9952306747436523,
    "accuracy_pct": 83.66170110523787,
    "tolerance": 1
  },
  "CatBoost": {
    "mae": 0.49168431758880615,
    "rmse": 0.7247694306573342,
    "r2": 0.9947594404220581,
    "accuracy_pct": 82.38026589780554,
    "tolerance": 1
  },
  "RandomForest": {
    "mae": 0.4638575613498688,
    "rmse": 0.6992885618682065,
    "r2": 0.995121419429779,
    "accuracy_pct": 83.7738266858882,
    "tolerance": 1
  },
  "MLP": {
    "mae": 0.7395346760749817,
    "rmse": 0.9734279221848829,
    "r2": 0.9905466437339783,
    "accuracy_pct": 74.35527791126061,
    "tolerance": 1
  },
  "WeightedEnsemble": {
    "mae": 0.46183868047011795,
    "rmse": 0.691721857371074,
    "r2": 0.9952264543799182,
    "accuracy_pct": 83.7738266858882,
    "tolerance": 1
  },
  "StackingEnsemble": {
    "mae": 0.44998660683631897,
    "rmse": 0.6900681084383455,
    "r2": 0.9952492713928223,
    "accuracy_pct": 83.65369213519142,
    "tolerance": 1
  },
  "CNN-LSTM": {
    "mae": 0.9447876214981079,
    "rmse": 1.2534021808267468,
    "r2": 0.9843267798423767,
    "accuracy_pct": 62.96652250520584,
    "tolerance": 1
  },
  "per_crop": {
    "arhar/tur": {
      "mae": 0.40255802869796753,
      "accuracy": 84.97340425531915,
      "n": 752
    },
    "bajra": {
      "mae": 0.45571577548980713,
      "accuracy": 82.02676864244742,
      "n": 523
    },
    "barley": {
      "mae": 0.3110370635986328,
      "accuracy": 92.39904988123516,
      "n": 421
    },
    "castor seed": {
      "mae": 0.5342020392417908,
      "accuracy": 80.0,
      "n": 330
    },
    "cotton(lint)": {
      "mae": 0.556175708770752,
      "accuracy": 75.92592592592592,
      "n": 432
    },
    "gram": {
      "mae": 0.4409842789173126,
      "accuracy": 85.96273291925466,
      "n": 805
    },
    "groundnut": {
      "mae": 0.40007877349853516,
      "accuracy": 85.1528384279476,
      "n": 687
    },
    "jowar": {
      "mae": 0.49156081676483154,
      "accuracy": 80.77769625825385,
      "n": 1363
    },
    "linseed": {
      "mae": 0.5129557251930237,
      "accuracy": 83.70786516853933,
      "n": 356
    },
    "maize": {
      "mae": 0.3744784891605377,
      "accuracy": 85.9171597633136,
      "n": 845
    },
    "other  rabi pulses": {
      "mae": 0.4460752606391907,
      "accuracy": 83.27832783278328,
      "n": 909
    },
    "ragi": {
      "mae": 0.5161992311477661,
      "accuracy": 78.01418439716312,
      "n": 282
    },
    "rapeseed &mustard": {
      "mae": 0.47543615102767944,
      "accuracy": 83.1275720164609,
      "n": 729
    },
    "rice": {
      "mae": 0.3770191967487335,
      "accuracy": 88.1578947368421,
      "n": 836
    },
    "safflower": {
      "mae": 0.4423208236694336,
      "accuracy": 82.91139240506328,
      "n": 158
    },
    "sesamum": {
      "mae": 0.5136929750442505,
      "accuracy": 81.84143222506394,
      "n": 782
    },
    "soyabean": {
      "mae": 0.5760629177093506,
      "accuracy": 74.61928934010153,
      "n": 394
    },
    "sugarcane": {
      "mae": 0.4261877238750458,
      "accuracy": 84.55988455988455,
      "n": 693
    },
    "sunflower": {
      "mae": 0.5409707427024841,
      "accuracy": 80.97560975609757,
      "n": 410
    },
    "wheat": {
      "mae": 0.3883657157421112,
      "accuracy": 88.70346598202823,
      "n": 779
    }
  }
}